Workbook
Name GeocodeAddressColumn_ToGeocode: 'To Geocode'!$B$1
Name GeocodeAddressColumn_Sheet1: Sheet1!$B$1
Name GeocodeAddressColumn_Sheet3: #REF!

Sheet Sheet1
A1: UID | B1: EngName | C1: Latitude | D1: Longitude | E1: HebName | G1: Rishon | H1: YS_id | I1: IsWord | J1: Notes | K1: Sourcing | L1: KaganID | M1: JGenID | N1: AltEng | O1: USBGN
A2: AF-00011 | B2: Herat | C2: 34.341944 | D2: 62.203056 | E2: הראת | I2: y | K2: Ketubah
A3: AF-00012 | B3: Hari River | C3: 34.65 | D3: 66.716667 | E3: הרי רוד | K3: Ketubah | N3: Harī Rōd
A4: AL-00011 | B4: Vlorë, Albania | C4: 40.466067 | D4: 19.491356 | E4: אבילונה | K4: SDM
A5: AL-00011 | B5: Vlorë, Albania | C5: 40.466067 | D5: 19.491356 | E5: אוילונה | K5: SDM
A6: AL-00012 | B6: Lezhë, Albania | C6: 41.786073 | D6: 19.646076 | E6: אלישו | J6: IDed by Bornstein | K6: SDM
A7: AL-00013 | B7: Nartë, Albania | C7: 40.499167 | D7: 19.457222 | E7: נארטא | K7: Pri Etz Hayim 1742 Intro
A8: AM-00001 | B8: Yerevan, Armenia | C8: 40.183333 | D8: 44.516667 | K8: JGen | M8: 4912 | N8: Yerevan, Erevan | O8: -2325645
A9: AM-00011 | B9: Tashir, Armenia | C9: 41.115965 | D9: 44.285778 | E9: וואראנסאווקע | K9: Kagan | L9: 2651
A10: AR-00000 | B10: Argentina | C10: -38.416097 | D10: -63.616672 | E10: ארגאנטינא | K10: VeZot LiYehudah
A11: AR-00000 | B11: Argentina | C11: -38.416097 | D11: -63.616672 | E11: ארגנטינא | K11: DivM
A12: AR-00000 | B12: Argentina | C12: -38.416097 | D12: -63.616672 | E12: ארגנטינה | K12: VeZot LiYehudah
A13: AR-00000 | B13: Argentina | C13: -38.416097 | D13: -63.616672 | E13: ארגענטינא | K13: IGMO
A14: AR-00001 | B14: Buenos Aires | C14: -34.603684 | D14: -58.381559 | E14: בואינוס איירעס
A15: AR-00001 | B15: Buenos Aires | C15: -34.603684 | D15: -58.381559 | E15: בונעס איירעס | K15: DivM
A16: AR-00001 | B16: Buenos Aires | C16: -34.603684 | D16: -58.381559 | E16: בונעס אירעס | K16: Prenum - Hemdat Yisrael
A17: AR-00001 | B17: Buenos Aires | C17: -34.603684 | D17: -58.381559 | E17: בוענאס איירעס | K17: Prenum 2325
A18: AR-00011 | B18: Moisés Ville, Argentina | C18: -30.714305 | D18: -61.469815 | E18: מאזעס-וויללע | K18: DivM
A19: AR-00011 | B19: Moisés Ville, Argentina | C19: -30.714305 | D19: -61.469815 | E19: מאזעסווילע
A20: AR-00011 | B20: Moisés Ville, Argentina | C20: -30.714305 | D20: -61.469815 | E20: מאזעסוילע | K20: Prenum 74
A21: AR-00011 | B21: Moisés Ville, Argentina | C21: -30.714305 | D21: -61.469815 | E21: קרית משה | K21: RAYK
A22: AR-00012 | B22: Rio de la Plata | C22: -35.194456 | D22: -56.741207 | E22: פלאטא | K22: DivM
A23: AR-00013 | B23: Córdoba, Argentina | C23: -31.416667 | D23: -64.183333 | E23: קארדובא | K23: Prenum 2325
A24: AR-00014 | B24: Quilmes, Argentina | C24: -34.716667 | D24: -58.266667 | E24: קילמעס | K24: Prenum 2325
A25: AR-00015 | B25: Rosaria, Argentina | C25: -32.9575 | D25: -60.639444 | E25: רוזאריא | K25: Prenum 2325
A26: AT-00000 | B26: Austria | C26: 47.516231 | D26: 14.550072 | E26: אושטרייך | G26: Y | K26: 15thCAshkenaz | M26: 760 | N26: Österreich [Ger], Austria [Eng, Pol, Rom, Sp, Ital, Lat], Ausztria [Hun], Avstriya [Rus, Ukr], Estraykh [Yid], Autriche [Fr], Rakousko [Cz], Rakúsko [Slov], Austrija [Bosn, Serb, Croa, Latv, Lith] | O26: -1974447
A27: AT-00000 | B27: Austria | C27: 47.516231 | D27: 14.550072 | E27: אושטריך | G27: Y | K27: 15thCAshkenaz | M27: 760 | N27: Österreich [Ger], Austria [Eng, Pol, Rom, Sp, Ital, Lat], Ausztria [Hun], Avstriya [Rus, Ukr], Estraykh [Yid], Autriche [Fr], Rakousko [Cz], Rakúsko [Slov], Austrija [Bosn, Serb, Croa, Latv, Lith] | O27: -1974447
A28: AT-00000 | B28: Austria | C28: 47.516231 | D28: 14.550072 | E28: ארץ הדמים | G28: Y | K28: 15thCAshkenaz | M28: 760 | N28: Österreich [Ger], Austria [Eng, Pol, Rom, Sp, Ital, Lat], Ausztria [Hun], Avstriya [Rus, Ukr], Estraykh [Yid], Autriche [Fr], Rakousko [Cz], Rakúsko [Slov], Austrija [Bosn, Serb, Croa, Latv, Lith] | O28: -1974447
A29: AT-00000 | B29: Austria | C29: 47.516231 | D29: 14.550072 | E29: מדינת בני חת | G29: Y | K29: 15thCAshkenaz | M29: 760 | N29: Österreich [Ger], Austria [Eng, Pol, Rom, Sp, Ital, Lat], Ausztria [Hun], Avstriya [Rus, Ukr], Estraykh [Yid], Autriche [Fr], Rakousko [Cz], Rakúsko [Slov], Austrija [Bosn, Serb, Croa, Latv, Lith] | O29: -1974447
A30: AT-00000 | B30: Austria | C30: 47.516231 | D30: 14.550072 | E30: עסטרייך | K30: JGen | M30: 760 | N30: Österreich [Ger], Austria [Eng, Pol, Rom, Sp, Ital, Lat], Ausztria [Hun], Avstriya [Rus, Ukr], Estraykh [Yid], Autriche [Fr], Rakousko [Cz], Rakúsko [Slov], Austrija [Bosn, Serb, Croa, Latv, Lith] | O30: -1974447
A31: AT-00001 | B31: Vienna | C31: 48.208174 | D31: 16.373819 | E31: ווידען | L31: 2827 | M31: 167 | N31: Wien [Ger], Vienna [Eng], Vienne [Fr], Vindobona [Lat], Videň [Cz], Viedeň [Slov], Bécs [Hung], Beč [Serb], Viena [Rom], Wiedeń [Pol], Vena [Rus], Viden' [Ukr], Vin [Yid] | O31: -1995499
A32: AT-00001 | B32: Vienna | C32: 48.208174 | D32: 16.373819 | E32: וויין | K32: חיים וחסד א | L32: 2827 | M32: 167 | N32: Wien [Ger], Vienna [Eng], Vienne [Fr], Vindobona [Lat], Videň [Cz], Viedeň [Slov], Bécs [Hung], Beč [Serb], Viena [Rom], Wiedeń [Pol], Vena [Rus], Viden' [Ukr], Vin [Yid] | O32: -1995499
A33: AT-00001 | B33: Vienna | C33: 48.208174 | D33: 16.373819 | E33: ווין | L33: 2827 | M33: 167 | N33: Wien [Ger], Vienna [Eng], Vienne [Fr], Vindobona [Lat], Videň [Cz], Viedeň [Slov], Bécs [Hung], Beč [Serb], Viena [Rom], Wiedeń [Pol], Vena [Rus], Viden' [Ukr], Vin [Yid] | O33: -1995499
A34: AT-00001 | B34: Vienna | C34: 48.208174 | D34: 16.373819 | E34: ווינא | L34: 2827 | M34: 167 | N34: Wien [Ger], Vienna [Eng], Vienne [Fr], Vindobona [Lat], Videň [Cz], Viedeň [Slov], Bécs [Hung], Beč [Serb], Viena [Rom], Wiedeń [Pol], Vena [Rus], Viden' [Ukr], Vin [Yid] | O34: -1995499
A35: AT-00001 | B35: Vienna | C35: 48.208174 | D35: 16.373819 | E35: וויעדן | L35: 2827 | M35: 167 | N35: Wien [Ger], Vienna [Eng], Vienne [Fr], Vindobona [Lat], Videň [Cz], Viedeň [Slov], Bécs [Hung], Beč [Serb], Viena [Rom], Wiedeń [Pol], Vena [Rus], Viden' [Ukr], Vin [Yid] | O35: -1995499
A36: AT-00001 | B36: Vienna | C36: 48.208174 | D36: 16.373819 | E36: וויעדען | L36: 2827 | M36: 167 | N36: Wien [Ger], Vienna [Eng], Vienne [Fr], Vindobona [Lat], Videň [Cz], Viedeň [Slov], Bécs [Hung], Beč [Serb], Viena [Rom], Wiedeń [Pol], Vena [Rus], Viden' [Ukr], Vin [Yid] | O36: -1995499
A37: AT-00001 | B37: Vienna | C37: 48.208174 | D37: 16.373819 | E37: וויעהן | K37: RSK | L37: 2827 | M37: 167 | N37: Wien [Ger], Vienna [Eng], Vienne [Fr], Vindobona [Lat], Videň [Cz], Viedeň [Slov], Bécs [Hung], Beč [Serb], Viena [Rom], Wiedeń [Pol], Vena [Rus], Viden' [Ukr], Vin [Yid] | O37: -1995499
A38: AT-00001 | B38: Vienna | C38: 48.208174 | D38: 16.373819 | E38: וויען | L38: 2827 | M38: 167 | N38: Wien [Ger], Vienna [Eng], Vienne [Fr], Vindobona [Lat], Videň [Cz], Viedeň [Slov], Bécs [Hung], Beč [Serb], Viena [Rom], Wiedeń [Pol], Vena [Rus], Viden' [Ukr], Vin [Yid] | O38: -1995499
A39: AT-00001 | B39: Vienna | C39: 48.208174 | D39: 16.373819 | E39: וין | K39: Prenum 878 | L39: 2827 | M39: 167 | N39: Wien [Ger], Vienna [Eng], Vienne [Fr], Vindobona [Lat], Videň [Cz], Viedeň [Slov], Bécs [Hung], Beč [Serb], Viena [Rom], Wiedeń [Pol], Vena [Rus], Viden' [Ukr], Vin [Yid] | O39: -1995499
A40: AT-00001 | B40: Vienna | C40: 48.208174 | D40: 16.373819 | E40: וינה | K40: Dor4 | L40: 2827 | M40: 167 | N40: Wien [Ger], Vienna [Eng], Vienne [Fr], Vindobona [Lat], Videň [Cz], Viedeň [Slov], Bécs [Hung], Beč [Serb], Viena [Rom], Wiedeń [Pol], Vena [Rus], Viden' [Ukr], Vin [Yid] | O40: -1995499
A41: AT-00001 | B41: Vienna | C41: 48.208174 | D41: 16.373819 | E41: ויען | I41: Y | K41: SS | L41: 2827 | M41: 167 | N41: Wien [Ger], Vienna [Eng], Vienne [Fr], Vindobona [Lat], Videň [Cz], Viedeň [Slov], Bécs [Hung], Beč [Serb], Viena [Rom], Wiedeń [Pol], Vena [Rus], Viden' [Ukr], Vin [Yid] | O41: -1995499
A42: AT-00001 | B42: Vienna | C42: 48.208174 | D42: 16.373819 | E42: עיר הדמים | G42: Y | K42: 15thCAshkenaz | L42: 2827 | M42: 167 | N42: Wien [Ger], Vienna [Eng], Vienne [Fr], Vindobona [Lat], Videň [Cz], Viedeň [Slov], Bécs [Hung], Beč [Serb], Viena [Rom], Wiedeń [Pol], Vena [Rus], Viden' [Ukr], Vin [Yid] | O42: -1995499
A43: AT-00011 | B43: Baden bei Wien, Austria | C43: 48.00214 | D43: 16.23091 | E43: באדן | K43: Kagan | L43: 845 | M43: 2506 | N43: Baden [Ger], Baden bei Wien | O43: -1974493
A44: AT-00011 | B44: Baden bei Wien, Austria | C44: 48.00214 | D44: 16.23091 | E44: באדן ביי ווין | K44: Kagan | L44: 845 | M44: 2506 | N44: Baden [Ger], Baden bei Wien | O44: -1974493
A45: AT-00011 | B45: Baden bei Wien, Austria | C45: 48.00214 | D45: 16.23091 | E45: באדען | L45: 845 | M45: 2506 | N45: Baden [Ger], Baden bei Wien | O45: -1974493
A46: AT-00012 | B46: Deutschkreutz | C46: 47.601631 | D46: 16.623442 | E46: ציילעם | K46: JGen | L46: 7005 | M46: 2512 | N46: Deutschkreutz [Ger], Sopronkeresztúr [Hun], Németkeresztúr [Hun, until 1899], Tseylem [Yid], Kerestur [Croa], Zelem | O46: -1975556
A47: AT-00012 | B47: Deutschkreutz | C47: 47.601631 | D47: 16.623442 | E47: צילם | K47: NBY | L47: 7005 | M47: 2512 | N47: Deutschkreutz [Ger], Sopronkeresztúr [Hun], Németkeresztúr [Hun, until 1899], Tseylem [Yid], Kerestur [Croa], Zelem | O47: -1975556
A48: AT-00012 | B48: Deutschkreutz | C48: 47.601631 | D48: 16.623442 | E48: צלים | I48: YES | K48: Kagan | L48: 7005 | M48: 2512 | N48: Deutschkreutz [Ger], Sopronkeresztúr [Hun], Németkeresztúr [Hun, until 1899], Tseylem [Yid], Kerestur [Croa], Zelem | O48: -1975556
A49: AT-00012 | B49: Deutschkreutz | C49: 47.601631 | D49: 16.623442 | E49: צלם | I49: YES | K49: JGen | L49: 7005 | M49: 2512 | N49: Deutschkreutz [Ger], Sopronkeresztúr [Hun], Németkeresztúr [Hun, until 1899], Tseylem [Yid], Kerestur [Croa], Zelem | O49: -1975556
A50: AT-00012 | B50: Deutschkreutz | C50: 47.601631 | D50: 16.623442 | E50: צע לעם | K50: Kagan | L50: 7005 | M50: 2512 | N50: Deutschkreutz [Ger], Sopronkeresztúr [Hun], Németkeresztúr [Hun, until 1899], Tseylem [Yid], Kerestur [Croa], Zelem | O50: -1975556
A51: AT-00012 | B51: Deutschkreutz | C51: 47.601631 | D51: 16.623442 | E51: צעהלים | L51: 7005 | M51: 2512 | N51: Deutschkreutz [Ger], Sopronkeresztúr [Hun], Németkeresztúr [Hun, until 1899], Tseylem [Yid], Kerestur [Croa], Zelem | O51: -1975556
A52: AT-00012 | B52: Deutschkreutz | C52: 47.601631 | D52: 16.623442 | E52: צעהלם | K52: Kagan | L52: 7005 | M52: 2512 | N52: Deutschkreutz [Ger], Sopronkeresztúr [Hun], Németkeresztúr [Hun, until 1899], Tseylem [Yid], Kerestur [Croa], Zelem | O52: -1975556
A53: AT-00012 | B53: Deutschkreutz | C53: 47.601631 | D53: 16.623442 | E53: צעהלעם | K53: JGen | L53: 7005 | M53: 2512 | N53: Deutschkreutz [Ger], Sopronkeresztúr [Hun], Németkeresztúr [Hun, until 1899], Tseylem [Yid], Kerestur [Croa], Zelem | O53: -1975556
A54: AT-00012 | B54: Deutschkreutz | C54: 47.601631 | D54: 16.623442 | E54: צעלים | K54: Kagan | L54: 7005 | M54: 2512 | N54: Deutschkreutz [Ger], Sopronkeresztúr [Hun], Németkeresztúr [Hun, until 1899], Tseylem [Yid], Kerestur [Croa], Zelem | O54: -1975556
A55: AT-00012 | B55: Deutschkreutz | C55: 47.601631 | D55: 16.623442 | E55: צעלם | K55: NBY | L55: 7005 | M55: 2512 | N55: Deutschkreutz [Ger], Sopronkeresztúr [Hun], Németkeresztúr [Hun, until 1899], Tseylem [Yid], Kerestur [Croa], Zelem | O55: -1975556
A56: AT-00012 | B56: Deutschkreutz | C56: 47.601631 | D56: 16.623442 | E56: צעלעם | K56: JGen | L56: 7005 | M56: 2512 | N56: Deutschkreutz [Ger], Sopronkeresztúr [Hun], Németkeresztúr [Hun, until 1899], Tseylem [Yid], Kerestur [Croa], Zelem | O56: -1975556
A57: AT-00013 | B57: Eisenstadt | C57: 47.84637 | D57: 16.52796 | E57: א"ש | I57: YES | L57: 309 | M57: 2504 | N57: Eisenstadt [Ger], Kismarton [Hun], Ayznshtot [Yid], Željezno [Croa], Stadt Eisenstadt | O57: -1976400
A58: AT-00013 | B58: Eisenstadt | C58: 47.84637 | D58: 16.52796 | E58: אייזינשטאט | K58: Kagan | L58: 309 | M58: 2504 | N58: Eisenstadt [Ger], Kismarton [Hun], Ayznshtot [Yid], Željezno [Croa], Stadt Eisenstadt | O58: -1976400
A59: AT-00013 | B59: Eisenstadt | C59: 47.84637 | D59: 16.52796 | E59: אייזנשטאט | L59: 309 | M59: 2504 | N59: Eisenstadt [Ger], Kismarton [Hun], Ayznshtot [Yid], Željezno [Croa], Stadt Eisenstadt | O59: -1976400
A60: AT-00013 | B60: Eisenstadt | C60: 47.84637 | D60: 16.52796 | E60: אייזענשטאדט | K60: BZ | L60: 309 | M60: 2504 | N60: Eisenstadt [Ger], Kismarton [Hun], Ayznshtot [Yid], Željezno [Croa], Stadt Eisenstadt | O60: -1976400
A61: AT-00013 | B61: Eisenstadt | C61: 47.84637 | D61: 16.52796 | E61: אייזענשטאט | K61: NBY | L61: 309 | M61: 2504 | N61: Eisenstadt [Ger], Kismarton [Hun], Ayznshtot [Yid], Željezno [Croa], Stadt Eisenstadt | O61: -1976400
A62: AT-00014 | B62: Frauenkirchen | C62: 47.835758 | D62: 16.926102 | E62: פ"ק | I62: YES | L62: 6928 | M62: 2510 | N62: Frauenkirchen [Ger], Boldogasszony [Hun], Fertőboldogasszony | O62: -1977276
A63: AT-00014 | B63: Frauenkirchen | C63: 47.835758 | D63: 16.926102 | E63: פרויא קירכען | K63: Added to Kagan | L63: 6928 | M63: 2510 | N63: Frauenkirchen [Ger], Boldogasszony [Hun], Fertőboldogasszony | O63: -1977276
A64: AT-00014 | B64: Frauenkirchen | C64: 47.835758 | D64: 16.926102 | E64: פרויענקירכן | K64: LM/SS | L64: 6928 | M64: 2510 | N64: Frauenkirchen [Ger], Boldogasszony [Hun], Fertőboldogasszony | O64: -1977276
A65: AT-00014 | B65: Frauenkirchen | C65: 47.835758 | D65: 16.926102 | E65: פרויענקירכען | K65: LM/SS | L65: 6928 | M65: 2510 | N65: Frauenkirchen [Ger], Boldogasszony [Hun], Fertőboldogasszony | O65: -1977276
A66: AT-00014 | B66: Frauenkirchen | C66: 47.835758 | D66: 16.926102 | E66: פרויקירכען | K66: Prenum 1027 | L66: 6928 | M66: 2510 | N66: Frauenkirchen [Ger], Boldogasszony [Hun], Fertőboldogasszony | O66: -1977276
A67: AT-00014 | B67: Frauenkirchen | C67: 47.835758 | D67: 16.926102 | E67: פרונקירכן | K67: LM/SS | L67: 6928 | M67: 2510 | N67: Frauenkirchen [Ger], Boldogasszony [Hun], Fertőboldogasszony | O67: -1977276
A68: AT-00015 | B68: Güssing, Austria | C68: 47.05932 | D68: 16.32449 | E68: גיסונג | L68: 1682 | M68: 2515 | N68: Güssing [Ger], Németújvár [Hun], Gising [Yid], Guessing | O68: -1979410
A69: AT-00015 | B69: Güssing, Austria | C69: 47.066667 | D69: 16.333333 | E69: גיסינג | K69: JGen | L69: 1682 | M69: 2515 | N69: Güssing [Ger], Németújvár [Hun], Gising [Yid], Guessing | O69: -1979410
A70: AT-00016 | B70: Kittsee, Austria | C70: 48.092746 | D70: 17.058737 | E70: קוצע | K70: Kagan | L70: 7538 | M70: 2526 | N70: Kittsee [Ger], Köpcsény [Hun], Kopčany [Slov], Gijeca [Croa], Gieca | O70: -1982332
A71: AT-00016 | B71: Kittsee, Austria | C71: 48.092746 | D71: 17.058737 | E71: קיטטזעע | K71: Kagan | L71: 7538 | M71: 2526 | N71: Kittsee [Ger], Köpcsény [Hun], Kopčany [Slov], Gijeca [Croa], Gieca | O71: -1982332
A72: AT-00016 | B72: Kittsee, Austria | C72: 48.092746 | D72: 17.058737 | E72: קיטצע | L72: 7538 | M72: 2526 | N72: Kittsee [Ger], Köpcsény [Hun], Kopčany [Slov], Gijeca [Croa], Gieca | O72: -1982332
A73: AT-00016 | B73: Kittsee, Austria | C73: 48.092746 | D73: 17.058737 | E73: קיצע | L73: 7538 | M73: 2526 | N73: Kittsee [Ger], Köpcsény [Hun], Kopčany [Slov], Gijeca [Croa], Gieca | O73: -1982332
A74: AT-00017 | B74: Kobersdorf | C74: 47.59608 | D74: 16.390978 | E74: ק"ד | I74: YES | L74: 7036 | M74: 2511 | N74: Kobersdorf [Ger], Kabold [Hun] | O74: -1982820
A75: AT-00017 | B75: Kobersdorf | C75: 47.59608 | D75: 16.390978 | E75: קאבירשדורף | K75: NBY | L75: 7036 | M75: 2511 | N75: Kobersdorf [Ger], Kabold [Hun] | O75: -1982820
A76: AT-00017 | B76: Kobersdorf | C76: 47.59608 | D76: 16.390978 | E76: קאבעלסדארף | K76: Kagan | L76: 7036 | M76: 2511 | N76: Kobersdorf [Ger], Kabold [Hun] | O76: -1982820
A77: AT-00017 | B77: Kobersdorf | C77: 47.59608 | D77: 16.390978 | E77: קאבעסדארף | K77: Prenum 1027 | L77: 7036 | M77: 2511 | N77: Kobersdorf [Ger], Kabold [Hun] | O77: -1982820
A78: AT-00017 | B78: Kobersdorf | C78: 47.59608 | D78: 16.390978 | E78: קאבערסדארף | L78: 7036 | M78: 2511 | N78: Kobersdorf [Ger], Kabold [Hun] | O78: -1982820
A79: AT-00017 | B79: Kobersdorf | C79: 47.59608 | D79: 16.390978 | E79: קב"ד | L79: 7036 | M79: 2511 | N79: Kobersdorf [Ger], Kabold [Hun] | O79: -1982820
A80: AT-00017 | B80: Kobersdorf | C80: 47.59608 | D80: 16.390978 | E80: קו"ד | L80: 7036 | M80: 2511 | N80: Kobersdorf [Ger], Kabold [Hun] | O80: -1982820
A81: AT-00017 | B81: Kobersdorf | C81: 47.59608 | D81: 16.390978 | E81: קובלסדארף | K81: Kagan | L81: 7036 | M81: 2511 | N81: Kobersdorf [Ger], Kabold [Hun] | O81: -1982820
A82: AT-00018 | B82: Lackenbach, Austria | C82: 47.592281 | D82: 16.465679 | E82: ל"ב | I82: YES | L82: 4292 | M82: 2503 | N82: Lackenbach [Ger], Lakompak [Hun], Lakimpuh [Croa] | O82: -1983521
A83: AT-00018 | B83: Lackenbach, Austria | C83: 47.592281 | D83: 16.465679 | E83: לאקינבאך | L83: 4292 | M83: 2503 | N83: Lackenbach [Ger], Lakompak [Hun], Lakimpuh [Croa] | O83: -1983521
A84: AT-00018 | B84: Lackenbach, Austria | C84: 47.592281 | D84: 16.465679 | E84: לאקנבאך | K84: Kagan | L84: 4292 | M84: 2503 | N84: Lackenbach [Ger], Lakompak [Hun], Lakimpuh [Croa] | O84: -1983521
A85: AT-00018 | B85: Lackenbach, Austria | C85: 47.592281 | D85: 16.465679 | E85: לאקענבאך | L85: 4292 | M85: 2503 | N85: Lackenbach [Ger], Lakompak [Hun], Lakimpuh [Croa] | O85: -1983521
A86: AT-00018 | B86: Lackenbach, Austria | C86: 47.592281 | D86: 16.465679 | E86: לאקענבוך | L86: 4292 | M86: 2503 | N86: Lackenbach [Ger], Lakompak [Hun], Lakimpuh [Croa] | O86: -1983521
A87: AT-00018 | B87: Lackenbach, Austria | C87: 47.583333 | D87: 16.466667 | E87: לאקענבך | K87: JGen | L87: 4292 | M87: 2503 | N87: Lackenbach [Ger], Lakompak [Hun], Lakimpuh [Croa] | O87: -1983521
A88: AT-00018 | B88: Lackenbach, Austria | C88: 47.592281 | D88: 16.465679 | E88: לאקענפאק | K88: Kagan | L88: 4292 | M88: 2503 | N88: Lackenbach [Ger], Lakompak [Hun], Lakimpuh [Croa] | O88: -1983521
A89: AT-00018 | B89: Lackenbach, Austria | C89: 47.592281 | D89: 16.465679 | E89: לק"ב | I89: Y | L89: 4292 | M89: 2503 | N89: Lackenbach [Ger], Lakompak [Hun], Lakimpuh [Croa] | O89: -1983521
A90: AT-00019 | B90: Mattersburg | C90: 47.73625 | D90: 16.39663 | E90: מ"ד | I90: YES | J90: Disambiguate | L90: 4640 | M90: 2505 | N90: Mattersburg [Ger], Nagymarton [Hun], Mattersdorf [Ger, until 1924] | O90: -1984916
A91: AT-00019 | B91: Mattersburg | C91: 47.73625 | D91: 16.39663 | E91: מאדרסדארף | K91: Kagan | L91: 4640 | M91: 2505 | N91: Mattersburg [Ger], Nagymarton [Hun], Mattersdorf [Ger, until 1924] | O91: -1984916
A92: AT-00019 | B92: Mattersburg | C92: 47.73625 | D92: 16.39663 | E92: מאטטערסדארף | K92: Kagan | L92: 4640 | M92: 2505 | N92: Mattersburg [Ger], Nagymarton [Hun], Mattersdorf [Ger, until 1924] | O92: -1984916
A93: AT-00019 | B93: Mattersburg | C93: 47.73625 | D93: 16.39663 | E93: מאטיסדארף | L93: 4640 | M93: 2505 | N93: Mattersburg [Ger], Nagymarton [Hun], Mattersdorf [Ger, until 1924] | O93: -1984916
A94: AT-00019 | B94: Mattersburg | C94: 47.73625 | D94: 16.39663 | E94: מאטסדארף | K94: Kagan | L94: 4640 | M94: 2505 | N94: Mattersburg [Ger], Nagymarton [Hun], Mattersdorf [Ger, until 1924] | O94: -1984916
A95: AT-00019 | B95: Mattersburg | C95: 47.73625 | D95: 16.39663 | E95: מאטעסבורג | K95: Kagan | L95: 4640 | M95: 2505 | N95: Mattersburg [Ger], Nagymarton [Hun], Mattersdorf [Ger, until 1924] | O95: -1984916
A96: AT-00019 | B96: Mattersburg | C96: 47.73625 | D96: 16.39663 | E96: מאטעסדארף | L96: 4640 | M96: 2505 | N96: Mattersburg [Ger], Nagymarton [Hun], Mattersdorf [Ger, until 1924] | O96: -1984916
A97: AT-00019 | B97: Mattersburg | C97: 47.73625 | D97: 16.39663 | E97: מאטערסדארף | L97: 4640 | M97: 2505 | N97: Mattersburg [Ger], Nagymarton [Hun], Mattersdorf [Ger, until 1924] | O97: -1984916
A98: AT-00019 | B98: Mattersburg | C98: 47.73625 | D98: 16.39663 | E98: מאטערסדרף | L98: 4640 | M98: 2505 | N98: Mattersburg [Ger], Nagymarton [Hun], Mattersdorf [Ger, until 1924] | O98: -1984916
A99: AT-00019 | B99: Mattersburg | C99: 47.73625 | D99: 16.39663 | E99: מאטרסדארף | L99: 4640 | M99: 2505 | N99: Mattersburg [Ger], Nagymarton [Hun], Mattersdorf [Ger, until 1924] | O99: -1984916
A100: AT-00019 | B100: Mattersburg | C100: 47.73625 | D100: 16.39663 | E100: מאטרשדארף | K100: Hatam Sofer | L100: 4640 | M100: 2505 | N100: Mattersburg [Ger], Nagymarton [Hun], Mattersdorf [Ger, until 1924] | O100: -1984916
...

Sheet Ambiguous names

Sheet Pivot Table 2

Sheet To Geocode
A1: UID | B1: EngName | C1: Latitude | D1: Longitude | E1: HebName | G1: Rishon | H1: YS_id | I1: IsWord | J1: Notes | K1: Sourcing
A2: MapsTooltip - Hidden - StringFilter | B2: MapsLat - Hidden - NoFilter | C2: MapsLong - Hidden - NoFilter
E3: קוראסאו | K3: Ketubah: https://www.nli.org.il/en/discover/manuscripts/hebrew-manuscripts/viewerpage?vid=MANUSCRIPTS#d=[[PNX_MANUSCRIPTS990052916130205171-1,FL83181910]]
E4: קורסאו | K4: https://www.nli.org.il/en/discover/manuscripts/hebrew-manuscripts/viewerpage?vid=MANUSCRIPTS#d=[[PNX_MANUSCRIPTS990001491300205171-1,FL25515209]]
E5: וילים שטאד | K5: Ketubah: https://www.nli.org.il/en/discover/manuscripts/hebrew-manuscripts/viewerpage?vid=MANUSCRIPTS#d=[[PNX_MANUSCRIPTS990052916130205171-1,FL83181910]]
E6: ג'מאיקה | K6: יאשיהו פארדו - מזבח הזהב

Sheet Unidentified
A1: HebName | B1: IsWord | C1: Notes | D1: Sourcing | E1: KaganID | F1: JGenID | G1: Status
A2: קו"ו | D2: NBY | G2: Gave up | H2: =MATCH($A2,Sheet1!E:E,FALSE) -> 5399
A3: קריסלאווע | E3: 7892 | H3: =MATCH($A3,Sheet1!E:E,FALSE) -> 8373
A4: באשאן | C4: קדושת ישראל | D4: קצב3 | H4: =MATCH($A4,Sheet1!E:E,FALSE) -> 16911
A5: אומין | D5: DivreiHayim | G5: Gave up | H5: =MATCH($A5,Sheet1!E:E,FALSE) -> 19081
A6: ניזען | E6: 5276 | H6: =MATCH($A6,Sheet1!E:E,FALSE) -> 20452
A7: א דעגעש | E7: 7 | H7: =MATCH($A7,Sheet1!E:E,FALSE) -> #N/A
A8: א' גענץ | E8: 1 | H8: =MATCH($A8,Sheet1!E:E,FALSE) -> #N/A
A9: א' פאיע | D9: Hungarian Yeshivot | H9: =MATCH($A9,Sheet1!E:E,FALSE) -> #N/A
A10: א' פערעני | E10: 6 | H10: =MATCH($A10,Sheet1!E:E,FALSE) -> #N/A
A11: א"מ | D11: KS | G11: Gave up | H11: =MATCH($A11,Sheet1!E:E,FALSE) -> #N/A
A12: אבאד | E12: 10 | H12: =MATCH($A12,Sheet1!E:E,FALSE) -> #N/A
A13: אבאדאי | E13: 11 | H13: =MATCH($A13,Sheet1!E:E,FALSE) -> #N/A
A14: אבאכאוו | D14: 999 | H14: =MATCH($A14,Sheet1!E:E,FALSE) -> #N/A
A15: אביווא | E15: 23 | H15: =MATCH($A15,Sheet1!E:E,FALSE) -> #N/A
A16: אבילינע | E16: 25 | H16: =MATCH($A16,Sheet1!E:E,FALSE) -> #N/A
A17: אבער פעטישן | D17: MASZ | G17: Gave up | H17: =MATCH($A17,Sheet1!E:E,FALSE) -> #N/A
A18: אבראזעז | E18: 41 | H18: =MATCH($A18,Sheet1!E:E,FALSE) -> #N/A
A19: אבראט | D19: עיר מבצר | G19: Gave up | H19: =MATCH($A19,Sheet1!E:E,FALSE) -> #N/A
A20: אבראנקע | E20: 44 | H20: =MATCH($A20,Sheet1!E:E,FALSE) -> #N/A
A21: אברזידק | C21: עדות נאמנה | D21: קצב3 | H21: =MATCH($A21,Sheet1!E:E,FALSE) -> #N/A
A22: אברישארע | E22: 47 | H22: =MATCH($A22,Sheet1!E:E,FALSE) -> #N/A
A23: אגטינא | E23: 49 | H23: =MATCH($A23,Sheet1!E:E,FALSE) -> #N/A
A24: אגיזינסק | D24: 999 | H24: =MATCH($A24,Sheet1!E:E,FALSE) -> #N/A
A25: אגנע | E25: 50 | H25: =MATCH($A25,Sheet1!E:E,FALSE) -> #N/A
A26: אגראביטש | E26: 52 | H26: =MATCH($A26,Sheet1!E:E,FALSE) -> #N/A
A27: אדזאעט | E27: 63 | H27: =MATCH($A27,Sheet1!E:E,FALSE) -> #N/A
A28: אדזע | E28: 64 | H28: =MATCH($A28,Sheet1!E:E,FALSE) -> #N/A
A29: אדזשוד | E29: 65 | H29: =MATCH($A29,Sheet1!E:E,FALSE) -> #N/A
A30: אדיגפאלווא | E30: 66 | H30: =MATCH($A30,Sheet1!E:E,FALSE) -> #N/A
A31: אדער בערג אין גאליציען | D31: 1296 | G31: Gave up | H31: =MATCH($A31,Sheet1!E:E,FALSE) -> #N/A
A32: אדערסדארף | E32: 70 | H32: =MATCH($A32,Sheet1!E:E,FALSE) -> #N/A
A33: אדעשדארף | E33: 71 | H33: =MATCH($A33,Sheet1!E:E,FALSE) -> #N/A
A34: אדראכאוו | E34: 72 | H34: =MATCH($A34,Sheet1!E:E,FALSE) -> #N/A
A35: אדרעקקערעסטור | E35: 74 | H35: =MATCH($A35,Sheet1!E:E,FALSE) -> #N/A
A36: אהאט | E36: 75 | H36: =MATCH($A36,Sheet1!E:E,FALSE) -> #N/A
A37: אהאלאוו | E37: 77 | H37: =MATCH($A37,Sheet1!E:E,FALSE) -> #N/A
A38: אהיפאלא | E38: 78 | H38: =MATCH($A38,Sheet1!E:E,FALSE) -> #N/A
A39: אהרליך | D39: דברי חיים | H39: =MATCH($A39,Sheet1!E:E,FALSE) -> #N/A
A40: אהרשקוט, ארשקוט | C40: near Starňa, Slovakia | D40: 1200 | G40: Gave up | H40: =MATCH($A40,Sheet1!E:E,FALSE) -> #N/A
A41: אובילא | E41: 79 | H41: =MATCH($A41,Sheet1!E:E,FALSE) -> #N/A
A42: אובליא | E42: 80 | H42: =MATCH($A42,Sheet1!E:E,FALSE) -> #N/A
A43: אובער-וויקיב | D43: 101 | H43: =MATCH($A43,Sheet1!E:E,FALSE) -> #N/A
A44: אוברן דול | D44: 1693 | H44: =MATCH($A44,Sheet1!E:E,FALSE) -> #N/A
A45: אוגאלין | E45: 83 | H45: =MATCH($A45,Sheet1!E:E,FALSE) -> #N/A
A46: אוגארט | E46: 85 | H46: =MATCH($A46,Sheet1!E:E,FALSE) -> #N/A
A47: אוגאש | D47: 4קצב | H47: =MATCH($A47,Sheet1!E:E,FALSE) -> #N/A
A48: אוהרשאר | C48: Between Viisoara and Ludus - Urca? | D48: דברי דוד | G48: Gave up | H48: =MATCH($A48,Sheet1!E:E,FALSE) -> #N/A
A49: אוואיעווקע | E49: 95 | H49: =MATCH($A49,Sheet1!E:E,FALSE) -> #N/A
A50: אוואש און געגנט | E50: 93 | H50: =MATCH($A50,Sheet1!E:E,FALSE) -> #N/A
A51: אוזאן | E51: 97 | H51: =MATCH($A51,Sheet1!E:E,FALSE) -> #N/A
A52: אוזערנאי | D52: 101 | H52: =MATCH($A52,Sheet1!E:E,FALSE) -> #N/A
A53: אוזראוויץ | E53: 101 | H53: =MATCH($A53,Sheet1!E:E,FALSE) -> #N/A
A54: אוטינא | E54: 104 | H54: =MATCH($A54,Sheet1!E:E,FALSE) -> #N/A
A55: אוידיער | E55: 111 | H55: =MATCH($A55,Sheet1!E:E,FALSE) -> #N/A
A56: אויז פורד | C56: Germany, near Frankfurt | D56: Prenum 320 | H56: =MATCH($A56,Sheet1!E:E,FALSE) -> #N/A
A57: אויז פלאס | C57: Germany, near Frankfurt | D57: Prenum 320 | H57: =MATCH($A57,Sheet1!E:E,FALSE) -> #N/A
A58: אויטאן | E58: 115 | H58: =MATCH($A58,Sheet1!E:E,FALSE) -> #N/A
A59: אויסטראביע | C59: עדות נאמנה | D59: קצב3 | H59: =MATCH($A59,Sheet1!E:E,FALSE) -> #N/A
A60: אויפאיטא | E60: 123 | H60: =MATCH($A60,Sheet1!E:E,FALSE) -> #N/A
A61: אויץ | E61: 127 | H61: =MATCH($A61,Sheet1!E:E,FALSE) -> #N/A
A62: אוירא | C62: Veria? | D62: SDM | G62: Gave up | H62: =MATCH($A62,Sheet1!E:E,FALSE) -> #N/A
A63: אוכווישץ | E63: 131 | H63: =MATCH($A63,Sheet1!E:E,FALSE) -> #N/A
A64: אולא | E64: 132 | H64: =MATCH($A64,Sheet1!E:E,FALSE) -> #N/A
A65: אומא | E65: 140 | H65: =MATCH($A65,Sheet1!E:E,FALSE) -> #N/A
A66: אומאני | E66: 142 | H66: =MATCH($A66,Sheet1!E:E,FALSE) -> #N/A
A67: אונארט | E67: 144 | H67: =MATCH($A67,Sheet1!E:E,FALSE) -> #N/A
A68: אונדע | E68: 151 | H68: =MATCH($A68,Sheet1!E:E,FALSE) -> #N/A
A69: אונטער-וויקיב | D69: 101 | H69: =MATCH($A69,Sheet1!E:E,FALSE) -> #N/A
A70: אונטעראשקעלא | E70: 154 | H70: =MATCH($A70,Sheet1!E:E,FALSE) -> #N/A
A71: אונטערבריסטער | E71: 156 | H71: =MATCH($A71,Sheet1!E:E,FALSE) -> #N/A
A72: אונטערפאלינאק | E72: 163 | H72: =MATCH($A72,Sheet1!E:E,FALSE) -> #N/A
A73: אונטעררוס | E73: 164 | H73: =MATCH($A73,Sheet1!E:E,FALSE) -> #N/A
A74: אונטשעשט | E74: 171 | H74: =MATCH($A74,Sheet1!E:E,FALSE) -> #N/A
A75: אוניאן | C75: Union - US | D75: הכנת לב לתפילה | G75: Gave up | H75: =MATCH($A75,Sheet1!E:E,FALSE) -> #N/A
A76: אונע | E76: 175 | H76: =MATCH($A76,Sheet1!E:E,FALSE) -> #N/A
A77: אוסד | E77: 177 | H77: =MATCH($A77,Sheet1!E:E,FALSE) -> #N/A
A78: אוסטירא | D78: קצב3 | H78: =MATCH($A78,Sheet1!E:E,FALSE) -> #N/A
A79: אוסטשווילק | E79: 180 | H79: =MATCH($A79,Sheet1!E:E,FALSE) -> #N/A
A80: אוסליע | E80: 181 | H80: =MATCH($A80,Sheet1!E:E,FALSE) -> #N/A
A81: אור | E81: 187 | H81: =MATCH($A81,Sheet1!E:E,FALSE) -> #N/A
A82: אור | E82: 188 | H82: =MATCH($A82,Sheet1!E:E,FALSE) -> #N/A
A83: אוראטא | E83: 190 | H83: =MATCH($A83,Sheet1!E:E,FALSE) -> #N/A
A84: אוראלי | E84: 191 | H84: =MATCH($A84,Sheet1!E:E,FALSE) -> #N/A
A85: אוראניש | C85: Nyirmeggyes area | D85: 579 | G85: Gave up | H85: =MATCH($A85,Sheet1!E:E,FALSE) -> #N/A
A86: אורין | E86: 196 | H86: =MATCH($A86,Sheet1!E:E,FALSE) -> #N/A
A87: אורנאנאר | E87: 199 | H87: =MATCH($A87,Sheet1!E:E,FALSE) -> #N/A
A88: אורסיג | D88: זהר חי | H88: =MATCH($A88,Sheet1!E:E,FALSE) -> #N/A
A89: אורשאווס | E89: 201 | H89: =MATCH($A89,Sheet1!E:E,FALSE) -> #N/A
A90: אורשנאוויץ | E90: 202 | H90: =MATCH($A90,Sheet1!E:E,FALSE) -> #N/A
A91: אושווער | E91: 207 | H91: =MATCH($A91,Sheet1!E:E,FALSE) -> #N/A
A92: אושע | D92: 678 | E92: 208 | H92: =MATCH($A92,Sheet1!E:E,FALSE) -> #N/A
A93: אזוויר | E93: 213 | H93: =MATCH($A93,Sheet1!E:E,FALSE) -> #N/A
A94: אזיעל | E94: 215 | H94: =MATCH($A94,Sheet1!E:E,FALSE) -> #N/A
A95: אזערצע | E95: 219 | H95: =MATCH($A95,Sheet1!E:E,FALSE) -> #N/A
A96: אזשבראוויץ | E96: 220 | H96: =MATCH($A96,Sheet1!E:E,FALSE) -> #N/A
A97: אטווע | C97: near Kisvarda | D97: Hatam Sofer EH 1:89 | G97: Gave up | H97: =MATCH($A97,Sheet1!E:E,FALSE) -> #N/A
A98: אטיא | E98: 225 | H98: =MATCH($A98,Sheet1!E:E,FALSE) -> #N/A
A99: אטינעוויש | E99: 227 | H99: =MATCH($A99,Sheet1!E:E,FALSE) -> #N/A
A100: אטעלסבורג | E100: 228 | H100: =MATCH($A100,Sheet1!E:E,FALSE) -> #N/A
...
